SEP ID,Coordinates,detected peptide by MS,Gene,Transcript ID,Exons overlap,Annotation,Start Type,Length,SEP Sequence
Slavoff_1,chr9: 139256352-139264369 strand=-,AAPGALPEAAVGPR,DNLZ,ENST00000371738,2,5UTR and CDS,ATG,96,MAAGRGRGRADGAGERDAADCAARRAEVAESRAAPGALPEAAVGPRGPSRGRGEAAGLGLGLAALKLRAGAGARGGSGARGGGALPARLHLQGLRD
Slavoff_2,chrX: 16859470-16888534 strand=-,AGAPAVGLLLANER,RBBP7,ENST00000380087,1,5UTR and CDS,GTG,39,VGSVTRLGKAGAPAVGLLLANERSPRRRRGANDPTQDGE
Slavoff_3,chr10: 99092201-99094454 strand=-,QLPPAAAVGDAGQLGR,FRAT2,ENST00000371019,1,5UTR and CDS,ACG,103,TGGHAVPEGGGRGSRRGGGGGGRGGRQLPPAAAVGDAGQLGRGGPAGGPDRRDAAAGRGAGQPGLAVRAPGGAAAGPGAPGCGGAGGQGPAPGGAAAAAARFG
Slavoff_4,chr9: 139557366-139565706 strand=+,ATPGLQQHQQPPGPGR,EGFL7,ENST00000406555,,Not known,ATG,83,MATPGLQQHQQPPGPGRHRWPPPPGGAAPAPVRGMTDSPPPGHPEEKATPPGGTGHEGLSGGAADVASGVGSGRHRARLPARP
Slavoff_5,chr2: 190526195-190535440 strand=+,IVVDELSNLK,ASNSD1,ENST00000607062,1,5UTR,ATG,96,MPSRGTRPEDSSVLIPTDNSTPHKEDLSSKIKEQKIVVDELSNLKKNRKVYRQQQNSNIFFLADRTEMLSESKNILDELKKEYQEIENLDKTKIKK
Slavoff_6,chr7: 150646657-150675423 strand=-,TAPSSTATTASASCAATR,KCNH2,ENST00000430723,2,5UTR and CDS,ATG,62,MGSGCRCGGATSRRRTPSWTPSSASLRARAVSSSSPTLGWRTAPSSTATTASASCAATRGPR
Slavoff_7,chr9: 123612077-123639492 strand=-,LQVGPADTQPR,PHF19,ENST00000312189,3,5UTR and CDS,ATG,88,MRLVARLQVGPADTQPRVSGEADGESSSGSRDSGLLWCHQPPPQQGGPGEGQEQLQRLDVQTDGGPVCAVPVDRWPVLPREDQEGQQL
Slavoff_8,chr14: 103800538-103809402 strand=+,STAACQTSSIATR,EIF5,ENST00000216554,2,5UTR and CDS,ATG,97,MSLFDENELLRSHWYLYWGNIAYKQEAYSLSGENFFMSETENSCSRLCHPFFSRQKIPKSCNQRSLHLIDKATNKPKCLSMSTAACQTSSIATRCPV
Slavoff_9,chr16: 89574827-89607413 strand=+,GSSAAVGPR,SPG7,ENST00000268704,2,5UTR and CDS,Other,78,LSGQHGRAAAAAPCPPPGSRPGSSAAVGPRPGLESRVPRQAREGAAVHGQQASGGPRRGWRPSSAELTIETANPYL
Slavoff_10,chr8: 64080459-64125260 strand=+,TAAAAAAGTITRPR,YTHDF3,ENST00000539294,1,5UTR and CDS,GTG,102,VESGRSGRLGAEVRLGSLSAIVDPRSREREGEEERASGKDGPLPPTPEREALILGSQRTAAAAAAGTITRPRATANCCECTGRGPGSGGGGGSRVAVKNVSH
Slavoff_11,chr8: 144897399-144897840 strand=-,GVGGQAALFAAGR,SCRIB,ENST00000320476,3,CDS,GTG,88,VALQPARGVGGQAALFAAGRAGGDLPLQPQPGGAAARRQPAARAAQAFFPAAELAQAGPERQRDPAVASRGGQLHAAGGAGRVPERYP
Slavoff_12,chr10: 98288128-98346562 strand=-,AVAAAAAAAPDPGGR,TM9SF3,ENST00000371142,2,5UTR and CDS,ACG,91,TATAAAEEAAAGPGPVRLSAPRGCESAAAEAAAAEEAAAGGGVGEPAPGRRGAEDEAAAWRSWRGGGRRAVAAAAAAAPDPGGRARTHVSR
Slavoff_13,chr4: 122737616-122745077 strand=-,GGLGAASIAADGAPR,CCNA2,ENST00000274026,2,5UTR and CDS,CTG,115,LGCDRRLRLFFGRVGASGRLGRVHAAWRRRLIPPSTPGSSDVGQLCAGACDPRGGLGAASIAADGAPRGPGEYQPGKGSARPTTADPGRAGGTEVREPAGSSAAAEAEDETGCTP
Slavoff_14,chr7: 100464771-100471014 strand=+,SSTPAPPQGQFLPPSI,TRIP6,ENST00000200457,2,5UTR and CDS,ACG,74,TEEGVKARGSGLQDRCLESPFPGHVGAHLAAPEAAGARQSPSGEGDPPRHPGATTGPRSSTPAPPQGQFLPPSI
Slavoff_15,chr11: 65686750-65689023 strand=+,VAVEEGLPGDPVAER,DRAP1,ENST00000312515,4,5UTR and CDS,ACG,107,TGGRRAGPGAGRLRAAALDPTRRERPRDAEQEEEVQRAVPAGADQEDHADGRRDWEGGGGGACHHLPGARALPRVAVEEGLPGDPVAEREDHDHIPPEAVHRAGAAV
Slavoff_16,chr10: 101992055-102005758 strand=-,EGSVHPQVE,CWF19L1,ENST00000354105,3,CDS,ATG,87,MKSREGSVHPQVEIANLLLIQSSLANLLSLQDPAGFALLALKWKNIWWSTSAHIATLPWPKEAYLMTMSSSCLLDTTSQWWSFQQRW
Slavoff_17,chr5: 180650039-180662529 strand=+,GAIGGGGAGVQGQTAGAR,TRIM41,ENST00000351937,3,CDS,ATG,143,MPSVPKELSSAELPPQPAAGQYGPGDSADAPNPWSREPRDRSGHLSQTPRSPEALLRGRRRGHLCGVPRIQEPQTAQRGAIGGGGAGVQGQTAGARGTTEEAPGGSAEDESQGGEASDRTEEPDEVRAGSGGLGVWATDTVSG
Slavoff_18,chr19: 42713286-42721897 strand=-,VAAVAVGSQAVLQILSR,DEDD2,ENST00000602201,2,CDS,ATG,77,MAPPALQRGQRVAAVAVGSQAVLQILSRVSGRQAPPQPSGSGGVGAGPVVVPDGGGEGPQPHPSSSQSPPDLPLKAK
Slavoff_19,chr19: 12949331-12969791 strand=+,WTSSTSSPNTSGAPR,MAST1,ENST00000591495,3,CDS,ATG,77,MAPTRPVPPSRPPAPPRSAFTSCPTSPRWTSSTSSPNTSGAPRASQTRMVAVAPQPCGPAHGASAPGAPPPPTTTRS
Slavoff_20,chr1: 150522391-150532570 strand=+,NPPLVQDTVSGK,ADAMTSL4,ENST00000369039,2,CDS,ATG,111,MSAPYSAAPPESAPPSPAPKTSRSPPPPGPGSQTPDFSRNPPLVQDTVSGKGWPTSRSRFPPRERGDPGDSSGQEVPASRPHQARNVRLWESALCIATAPEPQAPSEPTQI
Slavoff_21,chr3: 193363602-193386115 strand=+,QTAFGKWYESLLNNR,OPA1,ENST00000361715,3,CDS,Other,63,ALQYQTAFGKWYESLLNNRLIVSKQHVLTLKLNGRITILACGNLTGMNYLKKLKMKSLMKLSV
Slavoff_22,chr19: 13059508-13067950 strand=-,AVAGAAAGAGGR,GADD45GIP1,ENST00000316939,2,CDS,ATG,73,MAVAGAAAGAGGRRTRMVPEPGDHAGVAAGEAAGRRAEASGEGAAHRRVHGQDATDDCELAAAAAGELGEGPG
Slavoff_23,chr7: 100032962-100034242 strand=-,AEEQPGLGPGAAGR,PPP1R35,ENST00000487452,Alternative,CDS in frame,ATG,149,MMGCGESELKSADGEEAAAVPGPPPEPQVPQLRAPVPEPGLDLSLSPRPDSPQPRHGSPGRRKGRAERRGAARQRRQVSGGGWPPARDGLAPTWSLPCPLLPGPLPPDAALPGAVRAAACGAAGAGDARAEEQPGLGPGAAGRSREPL
Slavoff_24,chr1: 160061156-160064154 strand=-,RAVPAQGLLQSTPTCMPWTP,IGSF8,ENST00000314485,2,CDS,ATG,54,MKACTTVPPAPGCSMPTTAGTRRAVPAQGLLQSTPTCMPWTPYLCLCWWVQGWP
Slavoff_25,chr22: 41740383-41756157 strand=+,NTTQESLEKGP,ZC3H7B,ENST00000352645,2,CDS,Other,32,KNTTQESLEKGPPSVLGKGRSRSRCPRTTRTS
Slavoff_26,chr4: 169908762-169911558 strand=-,EALNEFLTR,CBR4,ENST00000306193,1,3UTR,Other,22,EALNEFLTRRLICSCLLTPMSP
Slavoff_27,chr11: 118964597-118966163 strand=-,AEPLQTAGQAGR,H2AFX,ENST00000530167,1,3UTR,ATG,59,MERAEPLQTAGQAGRGSLPLPSPRPPSPPGLESPPAPAPVPHRLPRRPRALPCPPSALR
Slavoff_28,chr3: 124945640-125042272 strand=-,AGNLILLQ,ZNF148,None,1,3UTR,Other,23,CCLKGTWYPNKAGNLILLQGHTV
Slavoff_29,chr12: 48732236-48745011 strand=-,STTIGGMNQR,ZNF641,ENST00000544117,1,3UTR,ATG,26,MLRYCFFPKMCFSTTIGGMNQRGKRK
Slavoff_30,chr2: 131130309-131132956 strand=+,ERPANSLIDQCSQR,PTPN18,ENST00000462321,1,3UTR,ATG,54,MDHQPGQTAKASEIQSTGGQRDPQPERERPANSLIDQCSQRDHQTEPPKDRHLC
Slavoff_31,chr6: 80194734-80199064 strand=-,VFFKNLLAFAR,LCA5,ENST00000369846,1,3UTR,Other,22,AVFFKNLLAFARSMISDASHIY
Slavoff_32,chr16: 86563805-86589025 strand=-,AELSFLNR,MTHFSD,ENST00000360900,1,3UTR,ATG,70,MRSSFVLWERPALGEWVSSQPTSHLPSALCFLGFFPPVLFLKTSLSLAELSFLNRSAFAIDPGQQVKISF
Slavoff_33,chr22: 21368073-21368526 strand=-,LLPLGASPAGVVGGGLAPPR,TUBA3FP,ENST00000292748,1,Non-coding,ATG,85,MSGSCQRSGEDKKQEEEATAACGRLAGVPEAKQGPKADSDSDLETEGARGRGQARLLPLGASPAGVVGGGLAPPRRQETSVQQGT
Slavoff_34,chr7: 158799724-158814542 strand=+,TWLPSCEDLTLPGGR,LINC00689,ENST00000447563,1,lncRNA,ATG,50,MEGVFPSVKLTTWLPSCEDLTLPGGRGRLTPSIIAVTLPSLVVSLLGSVC
Slavoff_35,chr1: 155532795-155708399 strand=+,FLPVDLSLLR,ASH1L-AS1,ENST00000456633,1,lncRNA,ATG,90,MADRAPRQPTSLGSSPQRCGSPPSAPPPPPDRGERIEDCLAPLCPPVVGGRGGCALSRFLPVDLSLLRSSRTAAVELVAGGVCRSPSQEN
Slavoff_36,chr17: 35441928-35444379 strand=+,SLSSYGACSR,ACACA,None,1,Antisense,Other,71,LVLFSFSASWLTVLPSSLSSYGACSRFYALIFLHKRYRSVVKLGIIPLQCLLCAGLRVGVINNGLEASSSP
Slavoff_37,chr19: 3610043-3626771 strand=-,GPSGTQEMGPLSR,CACTIN,ENST00000221899,2,CDS,ATG,102,MGGETDGAGRTRDGADGGGGAGSAGQIQRKSGGSAQGCEAGAPRGPSGTQEMGPLSRTQERSSHGASGLAGDGAHARGLLAPQHPAPRLQGDPRAPGRPRLP
Slavoff_38,chr22: 47048295-47073068 strand=+,APEPGAVLAPAEVVLR,GRAMD4,ENST00000406902,1,CDS,AGG,56,RAGPGQQWSRAPEPGAVLAPAEVVLRAVWGVRGGLPVPARGEHCGDRGTPERPQVN
Slavoff_39,chr5: 34914296-34925392 strand=+,LLVSGSPSAETLPLR,BRIX1,None,1,Non-coding,ATG,128,MAGRARSVQIILQESQTTPFTSPPAGQHRLLVSGSPSAETLPLRWGLDAREPFSAKSLKRSEAAPRNRGGSEASPATLQTGPPPRPPSPQS
Slavoff_40,chr22: 17092426-17095991 strand=+,ALAQGSLTPSQIYSA,AC005301.9,ENST00000588548,,Not known,AAG,52,KECPQPRIPPKPCPICAGTHWKSDCPARPTATPGAPKALAQGSLTPSQIYSA
Slavoff_41,chr19: 54693858-54697432 strand=+,LSAPQPGPDILQAPAR,TSEN34,ENST00000396383,2,CDS,GTG,89,VGSRGGAGPPGAPGCGGPHGRRPAPRAPPELAPGPPAAADARRGAALGRDRRRDSGQRPASRLSAPQPGPDILQAPARGELPGAERLGS
Slavoff_42,chr15: 55609385-55613829 strand=-,VYIFQPVFEQYAK,PIGBOS1,ENST00000567948,1,CDS in frame,ATG,54,MFRRLTFAQLLFATVLGIAGGVYIFQPVFEQYAKDQKELKEKMQLVQESEEKKS
Slavoff_43,chr12: 118649944-118650075 strand=+,NEQTELLYNK,None,None,1,Non-coding,Other,18,VLLKNEQTELLYNKSQPF
Slavoff_44,chr2: 85132483-85133801 strand=+,ILEDFLPPSSSRPQS,TMSB10,ENST00000233143,2,CDS,Other,42,RKRRRRRRTPCRPKRPLSRRSGVKFPKILEDFLPPSSSRPQS
Slavoff_45,chr9: 130209955-130216851 strand=-,DLPGVAPPRPSLSLSGP,RPL12,ENST00000497825,,Not known,ATG,65,MPPKFDPNEIKVGACSGCGRGCGMEHPSALPRVQSFPRMGLLKPLPPRDLPGVAPPRPSLSLSGP
Slavoff_46,chr5: 14664778-14699800 strand=+,AAASGQPRPEMQCPAEQTEIK,OTULIN,ENST00000503023,1,5UTR,ATG,58,MSRGTMPQPEAWPGASCAETPAREAAATARDGGKAAASGQPRPEMQCPAEQTEIKRSS
Slavoff_47,chr7: 150778180-150780257 strand=-,AQHGVHSNTASPGLPAGAPR,TMUB1,ENST00000297533,1,CDS,AGG,66,DPNAIPAQRSHGSYRQHERGGPRGRDPQPETQRSSCTARAQHGVHSNTASPGLPAGAPRATAEIPQ
Slavoff_48,chr22: 32014633-32026837 strand=-,KQGGFVQVSANAL,PISD,ENST00000397500,3,CDS,ATG,136,MVALPPAGPEAEAGAAELHVQTRSETALLALDRPLLPPALRRPQTAQPGGMEARKQGGFVQVSANALAVTGLGSPQSGGAATLAAQARLQPVHLDVWGEHERGRCGGPASLPQPQRVLPAQAEAAGPACLWPAQRD
Slavoff_49,chr2: 200322928-200323580 strand=+,LNINQSIAVSTATQR,SATB2,None,,Not known,AGG,55,RGAPPGRKLNINQSIAVSTATQRRRGCEGGRGTGEGRVGGREEGRGRGESAVGAG
Slavoff_50,chr19: 56165091-56185542 strand=+,LPGQATTQQTFDQR,U2AF2,ENST00000308924,3,CDS,Other,54,LRAGQGEPASEAQPQPLSEPGPQTPEPEPRPAQPGPAERLPGQATTQQTFDQRR
Slavoff_51,chr1: 7863564-7864928 strand=-,LVSAVLAGKE,None,,,Not known,CTG,43,
Slavoff_52,chr7: 100169852-100183655 strand=-,PAVAAATLHLPAAPEGPH,LRCH4,ENST00000310300,2,CDS,ATG,49,MPEPSLGESHSPHLPQPQPKPAVAAATLHLPAAPEGPHRQQQQAGSPAP
Slavoff_53,chr1: 228544743-228549628 strand=+,QELIGASLHTAR,OBSCN,ENST00000474237,1,CDS,Other,119,SPGEEDGPAGCVSHHRGAQELIGASLHTARCDPRRGPQFQQLQQQAAGPGGLGPGHSHGRRQRAPCLPRGCQRQCGLGCFWHGQPGGGGHHGGGGRGRGGRRRRLCDGGVPGHTQPWGS
Slavoff_54,chr10: 11925853-11937442 strand=,THLGTEGQCDLPGAGGPAR,PROSER2-AS1,ENST00000445498,1,lncRNA,CTG,100,HGVRHPAWAFRLCLPCPSRRVTTSARTQQKGQDTQRRWRTHLGTEGQCDLPGAGGPARAFPEETAKPRPGTAEEKQGGGRRGPVPSSSAVPGGRSARLSA
Slavoff_55,chr19: 55737961-55770381 strand=-,TSDAPRPSATPPGADPLNSAGPGAR,PPP6R1,ENST00000412770,,Not known,Other,103,GACVGLATRLANPPRPARPPRLRTPEVPTRTSDAPRPSATPPGADPLNSAGPGARGPHDPRAPARTPRAPAPARVPDAAPAPTHRAPQQGPEPPAAGRGGAPR
Slavoff_56,chr12: 12966292-12982891 strand=+,VTSWDGQNPPR,DDX47,ENST00000352940,2,CDS,ATG,50,MCCVKLVTSWDGQNPPRSRLKLFLWPYKVVISLGLQKLALERQAPLLCPF
Slavoff_57,chr2: 231577583-231685792 strand=+,AAPGPTAAAAAQASAAAR,CAB39,ENST00000258418,2,5UTR,CTG,108,LGDTEPSGAGAGAQAKTKAAPGPTAAAAAQASAAARRQPREPLGSRPPAQPPPPREPVAGSRSGRKTTEGPSVRATPRGPNEQPEAAAAEDGDSDDAEAEKGTPGPAP
Slavoff_58,chrX: 5214450-5216144 strand=+,RLLIPPEK,None,None,,Not known,Other,45,AWHPSSSVFPSLACDPPFPLSHLPLLEASGGIYKKKRLLIPPEKS
Slavoff_59,chr1: 175913973-176153786 strand=-,SPTTDSYGIPQGCK,RFWD2,ENST00000491600,,Not known,Other,40,RCPKCNYVVDNIDHLYPNFLGITCSPTTDSYGIPQGCKKK
Slavoff_60,chr3: 88101102-88108113 strand=-,DYILSLEMFSILLWG,CGGBP1,ENST00000309534,1,3UTR,Other,33,DYILSLEMFSILLWGFGINVSSLIMELLFPEAS
Slavoff_61,chr7: 66386236-66423532 strand=+,HGHSFPDPGLLLQNQGD,TMEM248,ENST00000418375,2,5UTR,Other,122,RTEAAAGARLASGLRVGPAEPDAAPGAGRRWCLAASGPPRAATSEPSATAGVRRAAGPAGPGARSCPPGRGGADQNNVQHQPPGEPEGVHQQSASPGGLHDQRKRHGHSFPDPGLLLQNQGD
Slavoff_62,chr16: 87435666-87438903 strand=-,HDASSSPLGPPR,None,None,1,Non-coding,Other,55,VLKCVCAASVHDASSSPLGPPRVHFLDHTHIPNKYLWWWVVYSSRLLGVIVPQNM
Slavoff_63,chr9: 130128866-130129660 strand=+,CLVYVLDLITDACTIKPLFNK,RP11-356B19.11,ENST00000607259,,Not known,Other,43,IPAHTAHVEFACLVYVLDLITDACTIKPLFNKVLQNDNAFPKI
Slavoff_64,chr1: 16905808-16970994 strand=-,ASPGEAGPAGGAAAGQGAPR,CROCCP2,ENST00000412962,Alternative,CDS,Other,73,SDAEKSRVTGTRCSWEGSCPGGRPGNEHRPAAGREPGRASPGEAGPAGGAAAGQGAPREGPVPAADAKRPGQG
Slavoff_65,chr17: 62205639-62207524 strand=-,GAWGGGQLATAGSGPGQR,ERN1,ENST00000606895,1,5UTR,ATG,70,MPARRLLLLLTLLLPGLGVSDRGAWGGGQLATAGSGPGQRRGAGAGVRAGSATAAARCPVSPAVGGSGRA
Slavoff_66,chr1: 4036227-4073316 strand=+,DTEVLINTMSK,None,None,1,Non-coding,ATT,27,IVVGAFNDRTEKTDTEVLINTMSKLKI
Slavoff_67,chr1: 157243513-157253900 strand=+,VYKWLLCNVE,None,None,1,ncRNA,ATG,41,MEWWGQCMTEENSRQKGLFQKKKVYKWLLCNVERCSPILVI
Slavoff_68,chr10: 119806332-119859641 strand=+,CPFVLLMSSMILLR,CASC2,ENST00000454781,1,lncRNA,Other,33,KSTLQTSCLHKANCPFVLLMSSMILLRFFYGIY
Slavoff_69,chr11: 3532972-3542051 strand=+,KPVFLLLLSIR,None,None,,Not known,Other,32,DLKPVFLLLLSIRDCQADLAVERRLWAASLEA
Slavoff_70,chr11: 82783129-82805398 strand=+,FIPTEAWYSAGR,None,None,,Not known,ATG,86,MRSWAKRGLATCLRSYSQHCLILKPMNKVAFIPTEAWYSAGRQTHKQVQLAHLASRSASMDSTKNGFKILGKKQIIKQLKNTNFKI
Slavoff_71,chr11: 65266565-65274602 strand=-,QVLITNKNQ,MALAT1,None,,Not known,ATG,29,MLHSRKRELRQVLITNKNQVRLTLLLTLG
Slavoff_72,chr16: 3054772-3058645 strand=+,IKFLLAPEENK,LA16c-380H5.5,ENST00000607794,1,Non-coding,ATG,43,MCLKSVMLTWGPGCPWAGADGTSTLIKFLLAPEENKVTLLPLL
Slavoff_73,chr19: 23278060-23286908 strand=+,QRIPCVVILTK,None,None,,Not known,Other,73,NHESFLNSVYRQVRIFLSEPERIKGGFELDKIELKVQTNGGRIVKILQRIPCVVILTKFKKVLHGFSVNKKLK
Slavoff_74,chr2: 107137814-107160732 strand=+,KTLPMMGMIR,None,None,,Not known,TTG,30,LGSPRRIRRIWSPRLWKTLPMMGMIRNGER
Slavoff_75,chr3: 107852804-107857456 strand=+,QVNEETLK,None,None,,Not known,TTG,143,LEQVNEETLKTGGLRKMHPLRACSEGSAELIQGKEILPQTIDHSFNLSHESLLQLLVRGNCRFILDLHCNITEFSNALWLRQLYNQLDVVLSDTTLSHFQFCFPFVFLFSFSFSLFLSYIKLKNVFICCHRQIYMNQVDQETK
Slavoff_76,chr4: 10069715-10074643 strand=-,KNLFQNTSR,RP11-448G15.3,ENST00000561486,,Not known,Other,59,QTLKKNLFQNTSRRVTLFYILENHVCLLHSMCEIHFFFFWKYIKKMVSHRFTVGKGIRT
Slavoff_77,chr7: 96251318-96293650 strand=-,RAGYSELE,SHFM1,ENST00000606019,2,lncRNA,ATG,69,MAFCKTEKMPTSIPRVQAFINSHENYRSITPSSPISHSSSTASNPSIHLSGMGHVKLQLRRAGYSELEE
Slavoff_78,chr15: 31008518-31061502 strand=+,QMSSNILK,None,None,,Not known,Other,50,VHCQMSSNILKEIFLSEQHVSAMSLKYSVNQGINRCAVPRLLCSYRAQEE
Slavoff_79,chr21: 35345400-35353552 strand=+,VAHENYMKFK,None,None,,Not known,Other,59,PATAACFCTAWQAKNGFHIFEYLKKIFQEYHFVAHENYMKFKFQCPQIKFYRNIACSLI
Slavoff_80,chr6: 68590370-68642035 strand=+,GIALGDIPNAR,None,None,,Not known,GTG,18,VGWGEGGGIALGDIPNAR
Slavoff_81,chr6: 141167131-141219546 strand=-,VLLDQHQR,RP3-460G2.2,ENST00000455011,,Not known,Other,23,SRLSATSASWVQAVLLDQHQRPE
Slavoff_82,chr15: 59060273-59063173 strand=-,YYELQRGTR,RP11-30K9.6,ENST00000500929,,Not known,AAG,43,KAAYVSIFFSALTRKIKDFKTFTVSSTAIYYELQRGTRSMGGA
Slavoff_83,chr17: 41373439-41383338 strand=-,GEMERGEIK,LINC00854,ENST00000433702,1,lncRNA,ATG,18,MGEMERGEIKEKKVIPET
Slavoff_84,chr19: 23441500-23457032 strand=-,CQDILEAGKR,RP11-15H20.7,ENST00000594653,,Not known,ATC,70,GAPGDCHSLLPCDLQVLGDAQLRCQDILEAGKRWSFTLVAQAGVHYPNLGLLQPPPPRFKRFSCLSLPRS
Slavoff_85,chr2: 23598100-23604170 strand=-,DLGSPMLK,AC012506.4,ENST00000430051,,Not known,ATG,52,MYQASLTTFPSVLWSETTSPSILAVRQFSSLLCRDLGSPMLKVAEQQKLRKP
Slavoff_86,chr2: 66653867-66660602 strand=-,TASPYSRPE,MEIS1-AS3,ENST00000454167,2,lncRNA,ATG,58,MRTASPYSRPEGGQKADSLQAARPRLHRPHPRPTRQLRTEPSPSRGCSLRGSSAKR
Slavoff_87,chr20: 4173737-4176599 strand=+,LTVAGQGR,LINC01433,ENST00000419003,1,lncRNA,ATG,66,MGRAGLAPLLTVAGQGRGYPGFQDLWKQGQPQGLIHILWCHLPPRWGHSPLAAPRKCVSWILRELF
Slavoff_88,chrX: 118425492-118469573 strand=+,SPFWAGQGQSR,RP5-1139I1.1,ENST00000428222,,Not known,Other,101,AHHCPVGSPFWAGQGQSRLPNVEGGVEGEAPVGTGAARSVCRPAGVPGGRGLGGPRTRSRRLARPAPGNEGLSTWASGWGGCTGAPSSASPLALRSISHQG
Slavoff_89,chrX: 1515320-1517852 strand=-,NLAGGSGLIP,LINC00106,,,Not known,Other,41,
Slavoff_90,chr21: 35303432-35308177 strand=+,AAALQFDLR,LINC00649,ENST00000427447,,Not known,Other,23,NGGLPSPSLAAALQFDLRLLC
SEP252,chr1:150595298-150602077 strand=-,GYFDSGDYNMAK,ENSA,,4,CDS in frame,ATG,119,MSQKQEEENPAEETGEEKQDTQEKEGILPERAEEAKLKAKYPSLGQKPGGSDFLMKRLQKGYFDSGDYNMAKAKMKNKQLPSAGPDKNLVTGDHIPTPQDLPQRKSSLVTSKLAGGQVE
SEP253,chr1:16905808-16970994 strand=-,AGPGSEASTEAESGEGSGR,RNA-seq,,,Not known,ATG,97,MSTGLRLAESRVEPALEKQAQLEEQLRDKVLHEKDLSQQQMQSDLDKADLSARRVPGGCCMRQASLQKSDRAGPGSEASTEAESGEGSGRQGPHREA
SEP254,chr1:226256967-226259277 strand=+,SVIFSSFLLQEASEAYLVGLFEDTNLCAIHAK,RNA-seq,,,Not known,Non-ATG,58,LLEITSSVIFSSFLLQEASEAYLVGLFEDTNLCAIHAKRVTIMPKDIQLARRIRGERA
SEP256,chr1:51623500-51624038 strand=-,NIILEEGKEILVGDVGQTVNNLYATFVK,RNA-seq,,,Not known,Non-ATG,76,VFFCLSEDKKNIILEEGKEILVGDVGQTVNNLYATFVKMLPYKDYRYTLYDTTYETKESKEEDLVFIFWAPESAPL
SEP257,chr1:91276134-91276678 strand=+,AGAVLYTR,RNA-seq,,,Not known,Non-ATG,15,LCEHTRAGAVLYTRN
SEP258,chr11:68925212-68926307 strand=+,LILWSCLGTYIDYR,LOC107984345,,,Not known,ATG,51,MTSWPGGSFGPDPLLALLVVILLARLILWSCLGTYIDYRLAQRRPQKPKQD
SEP259,chr11:77445415-77445967 strand=-,KMGALESGLAEYLFDKHTLGDSDNES,RNA-seq,,,Not known,ATG,146,MSYCFDRDDVALKNFAKYFLHQSHEEREHAEKLMKLQNQRGGRIFLQDIKKPDCDDWESGLNVMECALHLEKNVNQSLLELHKLATDKNDPHLCDFIETHYLNEQVKAIKELDDHVTNLHKMGALESGLAEYLFDKHTLGDSDNES
SEP261,chr16:74646473-74646748 strand=-,SAAETVTRGGIMLPEK,RNA-seq,,,Not known,Non-ATG,85,VERSAAETVTRGGIMLPEKSQGKVLQAIVVAVGSGSKGKGGEIQPVSMKVGDKVLLPEHGGTKVILDDKDYFLFRDGDILGKYVD
SEP262,chr18:32947243-32947540 strand=+,QSVVIPHIWSSSKP,ZNF396,,,Not known,Non-ATG,40,SPPTNLTFISILTKQSVVIPHIWSSSKPVSGDTLRYGWIF
SEP263,chr19:49458275-49460071 strand=-,DPPLPPVPEAGSGAGDKPGPAR,RNA-seq,,,Not known,Non-ATG,98,GNAICIQTPGLRGQRRDPPLPPVPEAGSGAGDKPGPARGLGFRDPLVLEGPRAPERQGSGHGDQRARNLRGRRGLEAGSARSGSFCPSVLGDRTAPGR
SEP264,chr19:58816741-58827140 strand=+,TPDSMFLAMLAVVSCASIGSGEPPTGN,LOC105372481,,,Non-coding,ATG,109,MDKPCGCPPGVCDHGTGDRRDPWYSTVGLLPPVRAMSQRNLNAKTEQGPTGVTMTSNPITWGQIKKTTQEAEKLLERQGQAKTPDSMFLAMLAVVSCASIGSGEPPTGN
SEP265,chr2:127314648-127315784 strand=-,TAFDEAIAELDTLSEESYKDSMLIMQLLR,RNA-seq,,,Not known,Non-ATG,105,GLWISHNKHTKKLLKSAKKKCNQHILSDWVWPLTSVFYYEILNSPEKACCLAKTAFDEAIAELDTLSEESYKDSMLIMQLLRDNLTLWTSDTQGDEAEAGEGGEN
SEP266,chr2:107313599-107315077 strand=-,NMITETSQADCAVLIVAAGVGEFEAGISK,RNA-seq,,,Not known,ATG,123,MGKGSFKYAWVLDKLKAECEHGITIDTSLWKFETSKYYVTIVDAPGHRDFIKNMITETSQADCAVLIVAAGVGEFEAGISKNGQTQEHALLAYTLGVKQLIVGVNKMDSTEPPYSQKRYEENC
SEP268,chr2:242272175-242277881 strand=-,GIKQGVPDFK,RNA-seq,,,Not known,Non-ATG,22,GIKQGVPDFKGKTSASAQIYII
SEP269,chr20:33864935-33872595 strand=-,GAPEPAQTQPQPQPQPAAPEGPEQPR,MMP24-AS1,NR_102705.1,,Non-coding,ATG,71,MGAQLSGGRGAPEPAQTQPQPQPQPAAPEGPEQPRHPPQPQPQPQPQPQPEPSPWGPLDDVRFLIACTSWY
SEP270,chr2:61275508-61277771 strand=-,VVLNSQPQVICPPQPPK,RNA-seq,,,Not known,ATG,27,MLVRVVLNSQPQVICPPQPPKVLGLQA
SEP271,chr20:10385838-10414846 strand=-,NDDIPEQDSLGLSNLQK,,,,Not known,ATG,63,MSLRNLWRDYKVLVVMVPLVGLIHLGWYRIKSSPVFQIPKNDDIPEQDSLGLSNLQKSQIQGK
SEP272,chr22:21368073-21368526 strand=-,LLPLGASPAGVVGGGLAPPR,TUBA3FP,NR_003608.1,,Non-coding,ATG,85,MSGSCQRSGEDKKQEEEATAACGRLAGVPEAKQGPKADSDSDLETEGARGRGQARLLPLGASPAGVVGGGLAPPRRQETSVQQGT
SEP273,chr22:39898321-39914136 strand=+,YTDRDFYFASIR,MIEF1,NM_019008.4,,5UTR,ATG,70,MAPWSREAVLSLYRALLRQGRQLRYTDRDFYFASIRREFRKNQKLEDAEARERQLEKGLVFLNGKLGRII
SEP274,chr3:184053746-184068183 strand=+,PGAYGLSR,FAM131A,NM_144635.4,,3UTR,Non-ATG,80,GWGGRGPSNPPPSPCLSLLCFSSHFRVHVQCLIESPPPGGAGSCPPGAYGLSRPSRAPAQLGSCCASFTSPSSLNLPLFS
SEP275,chr3:75673790-75674212 strand=-,EDPHVTHLQVAQDTVTPEAAQISSEEHPQEK,RNA-seq,,,Not known,ATG,36,MQKEDPHVTHLQVAQDTVTPEAAQISSEEHPQEKQA
SEP276,chr5:139941187-139946658 strand=+,RVEDEVNSGVGQDGSLLSSPFLK,SLC35A4,NM_080670.2,,5UTR,ATG,103,MADDKDSLPKLKDLAFLKNQLESLQRRVEDEVNSGVGQDGSLLSSPFLKGFLAGYVVAKLRASAVLGFAVGTCTGIYAAQAYAVPNVEKTLRDYLQLLRKGPD
SEP277,chr5:60040072-60040365 strand=-,LKLEAELGNMQGLLEDFK,RNA-seq,,,Not known,Non-ATG,52,QEKLKLEAELGNMQGLLEDFKNKYEDEINKRTGMENEFFLIKKDVDKAYMTR
SEP278,chr6:127588051-127664224 strand=-,EESLVMQEEVWRKGN,RNA-seq,,,Not known,Non-ATG,24,LPDHLNSRLEESLVMQEEVWRKGN
SEP279,chr6:64325724-64326136 strand=-,MRAGVVCSVSQAQKDELILEGNDIELVSNSAALIQQATTVK,RNA-seq,,,Not known,ATG,113,MIKGVTLGFHYKMRSVYAHFPINVVIQENGSLVEIRNFLGKKYIRRVWMRAGVVCSVSQAQKDELILEGNDIELVSNSAALIQQATTVKKKDIREFLDGIYVSEKGTGQQADE
SEP280,chr6:80253441-80254311 strand=-,RVGAELNLWLLK,RNA-seq,,,Not known,Non-ATG,42,RVGAELNLWLLKLHWLALDVSLSNPLDFVVVVVLFCFRLLAA
SEP282,chr7:134844506-134855399 strand=-,TPANLTPCDKDCVLHE,C7orf49,NM_001243753.1,,CDS in frame,ATG,69,METLQSETKTRVLPSWLTAQVATKNVAPMKAPKRMRMAAVPVAAARCDSSGQKTPANLTPCDKDCVLHE
SEP283,chr7:65216074-65234525 strand=+,AQLGVQAFADVLLVIPK,CCT6P1,NR_003110.2,,Non-coding,ATG,49,MAEALNKYKLSVKGKAQLGVQAFADVLLVIPKVLAQNSGFDLQETLVKI
SEP284,chr7:91826459-91831812 strand=+,GNTFGYLLK,RNA-seq,,,Not known,Non-ATG,33,CGITASSPLSVKGNTFGYLLKLLIITVLIPNCT
SEP285,chr8:38001128-38009539 strand=-,KDEEPPLREEAAAAAAAAAAATPPLPHLPGNNAASDIQAVR,STAR,XM_005273620.2,,5UTR,ATG,109,MMMHSLQRGTFKTQNTRSRLQLRDSEAKLEGLRKDEEPPLREEAAAAAAAAAAATPPLPHLPGNNAASDIQAVRWELLQTHAQHEGAEATGCDGHQPGAEPEGPGGPHP
SEP286,chr9:15470968-15475652 strand=-,IQVEQTRDEDLDTDSLD,PSIP1,NM_021144.3,,3UTR,ATG,63,MRKKQQIENASKRNKWKLSTKQHVIYSNKKYISFWAQSINPVTEKRIQVEQTRDEDLDTDSLD
SEP287,chrX:44168529-44172000 strand=+,KNSLLDLTPLPSSDTR,RNA-seq,,,Not known,Non-ATG,23,KNSLLDLTPLPSSDTRLLSSQRS
SEP288,chrX:49089935-49090674 strand=-,KYTLPPGVDPTKVSSSLSPEGTLTVEAPMPK,RNA-seq,,,Not known,ATG,85,MVEITSKHEERQDEHGYISRCFTRKYTLPPGVDPTKVSSSLSPEGTLTVEAPMPKLATQSNEITLESRAQLGGLGAAKSDQSAAK
SEP289,chrX:91714698-91716013 strand=+,LQLETEIEALREELLFMK,RNA-seq,,,Not known,Non-ATG,94,LQLETEIEALREELLFMKNHEEEVKGLQAQIASFRLTVEVDAPKSQDLAKIMADIRAQYDDLAGKNREELDKYWPQQFEENTTVVTTVRRGWSC
SEP290,chr7:100032991-100034106 strand=-,DGLAPTWSLPCPLLPGPLPPDAALPGAVR,RNA-seq,,,Not known,ATG,149,MMMGCGESELKSADGEEAAAVPGPPPEPQVPQLRAPVPEPGLDLSLSPRPDSPQPRHGSPGRRKGRAERRGAARQRRQVSGGGWPPARDGLAPTWSLPCPLLPGPLPPDAALPGAVRAAACGAAGAGDARAEEQPGLGPGAAGRSREPL