id	gene	transcript	coordinates	strand	seq	start_codon	length
Slavoff_1	DNLZ	ENST00000371739;ENST00000371738	chr9:139256352-139264369	strand=-	AAPGALPEAAVGPR	ATG	96
Slavoff_2	RBBP7	ENST00000493145;ENST00000380087;ENST00000404022;ENST00000468092	chrX:16859470-16888534	strand=-	AGAPAVGLLLANER	GTG	39
Slavoff_3	FRAT2	ENST00000371019	chr10:99092201-99094454	strand=-	QLPPAAAVGDAGQLGR	ACG	103
Slavoff_4	EGFL7	ENST00000490469;ENST00000406555	chr9:139557366-139565706	strand=+	ATPGLQQHQQPPGPGR	ATG	83
Slavoff_5	ASNSD1	ENST00000260952;ENST00000607829;ENST00000607690;ENST00000607062;ENST00000606910;ENST00000605941;ENST00000425590	chr2:190526195-190535440	strand=+	IVVDELSNLK	ATG	96
Slavoff_6	KCNH2	ENST00000262186;ENST00000430723;ENST00000532957	chr7:150646657-150675423	strand=-	TAPSSTATTASASCAATR	ATG	62
Slavoff_7	PHF19	ENST00000373896;ENST00000312189	chr9:123612077-123639492	strand=-	LQVGPADTQPR	ATG	88
Slavoff_8	EIF5	ENST00000558506;ENST00000560763;ENST00000558551;ENST00000216554;ENST00000559249;ENST00000560200;ENST00000558265;ENST00000560338;ENST00000559130;ENST00000392715	chr14:103800538-103809402	strand=+	STAACQTSSIATR	ATG	97
Slavoff_9	SPG7	ENST00000268704;ENST00000341316	chr16:89574827-89607413	strand=+	GSSAAVGPR	Other	78
Slavoff_10	YTHDF3	ENST00000539294;ENST00000522282;ENST00000519428;ENST00000517371	chr8:64080459-64125260	strand=+	TAAAAAAGTITRPR	GTG	102
Slavoff_11	SCRIB	ENST00000356994;ENST00000320476	chr8:144897399-144897840	strand=-	GVGGQAALFAAGR	GTG	88
Slavoff_12	TM9SF3	ENST00000371142	chr10:98288128-98346562	strand=-	AVAAAAAAAPDPGGR	ACG	91
Slavoff_13	CCNA2	ENST00000274026	chr4:122737616-122745077	strand=-	GGLGAASIAADGAPR	CTG	115
Slavoff_14	TRIP6	ENST00000200457	chr7:100464771-100471014	strand=+	SSTPAPPQGQFLPPSI	ACG	74
Slavoff_15	DRAP1	ENST00000531121;ENST00000376991;ENST00000312515;ENST00000532933;ENST00000525501	chr11:65686750-65689023	strand=+	VAVEEGLPGDPVAER	ACG	107
Slavoff_16	CWF19L1	ENST00000466955;ENST00000354105;ENST00000468709;ENST00000370379;ENST00000466408;ENST00000496796;ENST00000482452	chr10:101992055-102005758	strand=-	EGSVHPQVE	ATG	87
Slavoff_17	TRIM41	ENST00000508930;ENST00000315073;ENST00000351937;ENST00000503114;ENST00000515223	chr5:180650039-180662529	strand=+	GAIGGGGAGVQGQTAGAR	ATG	143
Slavoff_18	DEDD2	ENST00000336034;ENST00000595337;ENST00000596251;ENST00000598727;ENST00000602075;ENST00000593804;ENST00000600559;ENST00000601135;ENST00000602201;ENST00000598090	chr19:42713286-42721897	strand=-	VAAVAVGSQAVLQILSR	ATG	77
Slavoff_19	MAST1	ENST00000590883;ENST00000251472;ENST00000591495;ENST00000588379;ENST00000592713	chr19:12949331-12969791	strand=+	WTSSTSSPNTSGAPR	ATG	77
Slavoff_20	ADAMTSL4	ENST00000369039;ENST00000271643;ENST00000369038;ENST00000369041	chr1:150522391-150532570	strand=+	NPPLVQDTVSGK	ATG	111
Slavoff_21	OPA1	ENST00000361510;ENST00000361908;ENST00000361715;ENST00000361828;ENST00000392438;ENST00000361150;ENST00000483516	chr3:193363602-193386115	strand=+	QTAFGKWYESLLNNR	Other	63
Slavoff_22	GADD45GIP1	ENST00000316939	chr19:13059508-13067950	strand=-	AVAGAAAGAGGR	ATG	73
Slavoff_23	PPP1R35	ENST00000292330;ENST00000491407;ENST00000487452;ENST00000476185;ENST00000470295	chr7:100032962-100034242	strand=-	AEEQPGLGPGAAGR	ATG	149
Slavoff_24	IGSF8	ENST00000368086;ENST00000314485	chr1:160061156-160064154	strand=-	RAVPAQGLLQSTPTCMPWTP	ATG	54
Slavoff_25	ZC3H7B	ENST00000352645	chr22:41740383-41756157	strand=+	NTTQESLEKGP	Other	32
Slavoff_26	CBR4	ENST00000306193	chr4:169908762-169911558	strand=-	EALNEFLTR	Other	22
Slavoff_27	H2AFX	ENST00000530167;ENST00000375167	chr11:118964597-118966163	strand=-	AEPLQTAGQAGR	ATG	59
Slavoff_28	None	None	chr3:124945640-125042272	strand=-	AGNLILLQ	Other	23
Slavoff_29	ZNF641	ENST00000544117;ENST00000301042	chr12:48732236-48745011	strand=-	STTIGGMNQR	ATG	26
Slavoff_30	PTPN18	ENST00000175756;ENST00000347849;ENST00000462321;ENST00000481492	chr2:131130309-131132956	strand=+	ERPANSLIDQCSQR	ATG	54
Slavoff_31	LCA5	ENST00000392959;ENST00000369846	chr6:80194734-80199064	strand=-	VFFKNLLAFAR	Other	22
Slavoff_32	MTHFSD	ENST00000360900;ENST00000546093	chr16:86563805-86589025	strand=-	AELSFLNR	ATG	70
Slavoff_33	TUBA3FP	ENST00000422086;ENST00000292748	chr22:21368073-21368526	strand=-	LLPLGASPAGVVGGGLAPPR	ATG	85
Slavoff_34	LINC00689	ENST00000438049;ENST00000447563	chr7:158799724-158814542	strand=+	TWLPSCEDLTLPGGR	ATG	50
Slavoff_35	ASH1L-AS1	ENST00000456633	chr1:155532795-155708399	strand=+	FLPVDLSLLR	ATG	90
Slavoff_36	None	None	chr17:35441928-35444379	strand=+	SLSSYGACSR	Other	71
Slavoff_37	CACTIN	ENST00000429344;ENST00000585942;ENST00000221899;ENST00000248420	chr19:3610043-3626771	strand=-	GPSGTQEMGPLSR	ATG	102
Slavoff_38	GRAMD4	ENST00000406902;ENST00000361034	chr22:47048295-47073068	strand=+	APEPGAVLAPAEVVLR	AGG	56
Slavoff_39	BRIX1	ENST00000336767	chr5:34914296-34925392	strand=+	LLVSGSPSAETLPLR	ATG	128
Slavoff_40	AC005301.9	ENST00000588548;ENST00000591299	chr22:17092426-17095991	strand=+	ALAQGSLTPSQIYSA	AAG	52
Slavoff_41	TSEN34	ENST00000396383;ENST00000429671;ENST00000456872;ENST00000396388;ENST00000302937;ENST00000455798;ENST00000496583	chr19:54693858-54697432	strand=+	LSAPQPGPDILQAPAR	GTG	89
Slavoff_42	PIGBOS1	ENST00000436697;ENST00000567948;ENST00000565225	chr15:55609385-55613829	strand=-	VYIFQPVFEQYAK	ATG	54
Slavoff_43	None	None	chr12:118649944-118650075	strand=+	NEQTELLYNK	Other	18
Slavoff_44	TMSB10	ENST00000233143	chr2:85132483-85133801	strand=+	ILEDFLPPSSSRPQS	Other	42
Slavoff_45	RPL12	ENST00000497322;ENST00000497825	chr9:130209955-130216851	strand=-	DLPGVAPPRPSLSLSGP	ATG	65
Slavoff_46	OTULIN	ENST00000503023	chr5:14664778-14699800	strand=+	AAASGQPRPEMQCPAEQTEIK	ATG	58
Slavoff_47	TMUB1	ENST00000492838;ENST00000488752;ENST00000392818;ENST00000462940;ENST00000297533;ENST00000482202;ENST00000476627	chr7:150778180-150780257	strand=-	AQHGVHSNTASPGLPAGAPR	AGG	66
Slavoff_48	PISD	ENST00000473770;ENST00000478893;ENST00000382151;ENST00000266095;ENST00000397500;ENST00000422020;ENST00000491342;ENST00000437808;ENST00000439502;ENST00000435900	chr22:32014633-32026837	strand=-	KQGGFVQVSANAL	ATG	136
Slavoff_49	SATB2	ENST00000443023	chr2:200322928-200323580	strand=+	LNINQSIAVSTATQR	AGG	55
Slavoff_50	U2AF2	ENST00000587196;ENST00000592867;ENST00000450554;ENST00000308924;ENST00000588850	chr19:56165091-56185542	strand=+	LPGQATTQQTFDQR	Other	54
Slavoff_51	None	None	chr1:7863564-7864928	strand=-	LVSAVLAGKE	CTG	43
Slavoff_52	LRCH4	ENST00000470184;ENST00000497245;ENST00000310300	chr7:100169852-100183655	strand=-	PAVAAATLHLPAAPEGPH	ATG	49
Slavoff_53	OBSCN	ENST00000284548;ENST00000474237	chr1:228544743-228549628	strand=+	QELIGASLHTAR	Other	119
Slavoff_54	PROSER2-AS1	ENST00000445498	chr10:11925853-11937442	strand=+	THLGTEGQCDLPGAGGPAR	Other	100
Slavoff_55	PPP6R1	ENST00000412770	chr19:55737961-55770381	strand=-	TSDAPRPSATPPGADPLNSAGPGAR	Other	103
Slavoff_56	DDX47	ENST00000544497;ENST00000534843;ENST00000545038;ENST00000358007;ENST00000352940;ENST00000541537;ENST00000544032;ENST00000426619;ENST00000542123	chr12:12966292-12982891	strand=+	VTSWDGQNPPR	ATG	50
Slavoff_57	CAB39	ENST00000258418	chr2:231577583-231685792	strand=+	AAPGPTAAAAAQASAAAR	CTG	108
Slavoff_58	None	None	chrX:5214450-5216144	strand=+	RLLIPPEK	Other	45
Slavoff_59	RFWD2	ENST00000367667;ENST00000367669;ENST00000308769;ENST00000367666;ENST00000474194;ENST00000491600;ENST00000498306	chr1:175913973-176153786	strand=-	SPTTDSYGIPQGCK	Other	40
Slavoff_60	CGGBP1	ENST00000398392;ENST00000309534	chr3:88101102-88108113	strand=-	DYILSLEMFSILLWG	Other	33
Slavoff_61	TMEM248	ENST00000341567;ENST00000433271;ENST00000418375;ENST00000424964;ENST00000413593;ENST00000607045	chr7:66386236-66423532	strand=+	HGHSFPDPGLLLQNQGD	Other	122
Slavoff_62	None	None	chr16:87435666-87438903	strand=-	HDASSSPLGPPR	Other	55
Slavoff_63	RP11-356B19.11	ENST00000607259	chr9:130128866-130129660	strand=+	CLVYVLDLITDACTIKPLFNK	Other	43
Slavoff_64	CROCCP2	ENST00000362058;ENST00000412962	chr1:16905808-16970994	strand=-	ASPGEAGPAGGAAAGQGAPR	Other	73
Slavoff_65	ERN1	ENST00000606895	chr17:62205639-62207524	strand=-	GAWGGGQLATAGSGPGQR	ATG	70
Slavoff_66	None	None	chr1:4036227-4073316	strand=+	DTEVLINTMSK	ATT	27
Slavoff_67	None	None	chr1:157243513-157253900	strand=+	VYKWLLCNVE	ATG	41
Slavoff_68	CASC2	ENST00000454781	chr10:119806332-119859641	strand=+	CPFVLLMSSMILLR	Other	33
Slavoff_69	None	None	chr11:3532972-3542051	strand=+	KPVFLLLLSIR	Other	32
Slavoff_70	None	None	chr11:82783129-82805398	strand=+	FIPTEAWYSAGR	ATG	86
Slavoff_71	MALAT1	ENST00000534336	chr11:65266565-65274602	strand=-	QVLITNKNQ	ATG	29
Slavoff_72	LA16c-380H5.5	ENST00000607794	chr16:3054772-3058645	strand=+	IKFLLAPEENK	ATG	43
Slavoff_73	None	None	chr19:23278060-23286908	strand=+	QRIPCVVILTK	Other	73
Slavoff_74	None	None	chr2:107137814-107160732	strand=+	KTLPMMGMIR	Other	30
Slavoff_75	None	None	chr3:107852804-107857456	strand=+	QVNEETLK	Other	143
Slavoff_76	RP11-448G15.3	ENST00000561486	chr4:10069715-10074643	strand=-	KNLFQNTSR	Other	59
Slavoff_77	SHFM1	ENST00000606019;ENST00000417009	chr7:96251318-96293650	strand=-	RAGYSELE	ATG	69
Slavoff_78	None	None	chr15:31008518-31061502	strand=+	QMSSNILK	Other	50
Slavoff_79	None	None	chr21:35345400-35353552	strand=+	VAHENYMKFK	Other	59
Slavoff_80	None	None	chr6:68590370-68642035	strand=+	GIALGDIPNAR	GTG	18
Slavoff_81	RP3-460G2.2	ENST00000455011	chr6:141167131-141219546	strand=-	VLLDQHQR	Other	23
Slavoff_82	RP11-30K9.6	ENST00000500929	chr15:59060273-59063173	strand=-	YYELQRGTR	AAG	43
Slavoff_83	LINC00854	ENST00000433702	chr17:41373439-41383338	strand=-	GEMERGEIK	ATG	18
Slavoff_84	RP11-15H20.7	ENST00000594653	chr19:23441500-23457032	strand=-	CQDILEAGKR	ATC	70
Slavoff_85	AC012506.4	ENST00000430051;ENST00000421563	chr2:23598100-23604170	strand=-	DLGSPMLK	ATG	52
Slavoff_86	MEIS1-AS3	ENST00000454167	chr2:66653867-66660602	strand=-	TASPYSRPE	ATG	58
Slavoff_87	LINC01433	ENST00000419003	chr20:4173737-4176599	strand=+	LTVAGQGR	ATG	66
Slavoff_88	RP5-1139I1.1	ENST00000428222	chrX:118425492-118469573	strand=+	SPFWAGQGQSR	Other	101
Slavoff_89	LINC00106	ENST00000434938	chrX:1515320-1517852	strand=-	NLAGGSGLIP	Other	41
Slavoff_90	LINC00649	ENST00000427447;ENST00000599421	chr21:35303432-35308177	strand=+	AAALQFDLR	Other	23
